{"name": "cartpole_03", "discount_fact": 0.99, "learning_rate": 0.0001, "batch_size": 128, "train_start": 1000, "epsilon_set": [0.004997000012926631, 0.999, 0.005], "memory_size": 14000, "clipping": 1.0, "optimizer": "Adam", "lossfunc": "MSE", "scores": [9.0, 11.0, 20.0, 22.0, 15.0, 13.0, 13.0, 10.0, 58.0, 13.0, 25.0, 32.0, 7.0, 18.0, 46.0, 25.0, 37.0, 13.0, 17.0, 9.0, 22.0, 24.0, 12.0, 37.0, 18.0, 22.0, 30.0, 25.0, 13.0, 14.0, 16.0, 16.0, 16.0, 16.0, 26.0, 17.0, 18.0, 20.0, 12.0, 16.0, 22.0, 13.0, 62.0, 15.0, 46.0, 25.0, 34.0, 14.0, 20.0, 19.0, 25.0, 17.0, 18.0, 10.0, 10.0, 35.0, 14.0, 34.0, 15.0, 18.0, 26.0, 52.0, 25.0, 73.0, 37.0, 18.0, 19.0, 28.0, 31.0, 19.0, 17.0, 14.0, 18.0, 43.0, 30.0, 16.0, 29.0, 30.0, 32.0, 52.0, 45.0, 26.0, 78.0, 29.0, 56.0, 33.0, 63.0, 132.0, 65.0, 56.0, 200.0, 55.0, 60.0, 106.0, 64.0, 198.0, 67.0, 104.0, 118.0, 100.0, 136.0, 200.0, 200.0, 188.0, 200.0, 200.0, 200.0, 200.0, 200.0, 200.0, 200.0, 200.0, 200.0, 200.0, 200.0, 200.0, 200.0, 200.0, 200.0, 200.0, 200.0, 200.0, 200.0, 200.0, 200.0, 200.0, 200.0, 200.0, 200.0, 200.0, 200.0, 200.0, 200.0, 200.0, 200.0, 200.0, 200.0, 200.0, 200.0, 200.0, 200.0, 200.0, 200.0, 200.0, 200.0, 200.0, 200.0, 200.0, 200.0, 200.0, 200.0, 200.0, 200.0, 200.0, 200.0, 200.0, 200.0, 200.0, 200.0, 200.0, 200.0, 200.0, 200.0, 198.0, 193.0, 200.0, 200.0, 200.0, 200.0, 200.0, 200.0, 200.0, 200.0, 200.0, 200.0, 200.0, 200.0, 200.0, 200.0, 200.0, 200.0, 200.0, 200.0, 200.0, 200.0, 200.0, 200.0, 200.0, 200.0, 200.0, 200.0, 200.0, 200.0, 200.0, 200.0, 200.0], "mean_scores": [9.0, 10.0, 13.333333333333334, 15.5, 15.4, 15.0, 14.714285714285714, 14.125, 19.0, 18.4, 19.0, 20.083333333333332, 19.076923076923077, 19.0, 20.8, 21.0625, 22.0, 21.5, 21.263157894736842, 20.65, 20.714285714285715, 20.863636363636363, 20.47826086956522, 21.166666666666668, 21.04, 21.076923076923077, 21.40740740740741, 21.535714285714285, 21.24137931034483, 21.0, 20.838709677419356, 20.6875, 20.545454545454547, 20.41176470588235, 20.571428571428573, 20.47222222222222, 20.405405405405407, 20.394736842105264, 20.17948717948718, 20.075, 20.121951219512194, 19.952380952380953, 20.930232558139537, 20.795454545454547, 21.355555555555554, 21.434782608695652, 21.70212765957447, 21.541666666666668, 21.510204081632654, 21.46, 21.529411764705884, 21.442307692307693, 21.37735849056604, 21.166666666666668, 20.963636363636365, 21.214285714285715, 21.087719298245613, 21.310344827586206, 21.203389830508474, 21.15, 21.229508196721312, 21.725806451612904, 21.77777777777778, 22.578125, 22.8, 22.727272727272727, 22.671641791044777, 22.75, 22.869565217391305, 22.814285714285713, 22.732394366197184, 22.61111111111111, 22.54794520547945, 22.824324324324323, 22.92, 22.82894736842105, 22.90909090909091, 23.0, 23.11392405063291, 23.475, 23.74074074074074, 23.76829268292683, 24.42168674698795, 24.476190476190474, 24.847058823529412, 24.941860465116278, 25.379310344827587, 26.59090909090909, 27.02247191011236, 27.344444444444445, 29.24175824175824, 29.52173913043478, 29.849462365591396, 30.659574468085108, 31.010526315789473, 32.75, 33.103092783505154, 33.826530612244895, 34.676767676767675, 35.33, 36.32673267326733, 36.6, 38.49, 40.29, 41.95, 43.8, 45.67, 47.54, 49.44, 50.86, 52.73, 54.48, 56.16, 58.09, 59.91, 61.45, 63.2, 64.83, 66.7, 68.53, 70.44, 72.22, 73.98, 75.86, 77.49, 79.31, 81.09, 82.79, 84.54, 86.41, 88.27, 90.11, 91.95, 93.79, 95.63, 97.37, 99.2, 101.02, 102.82, 104.7, 106.54, 108.32, 110.19, 111.57, 113.42, 114.96, 116.71, 118.37, 120.23, 122.03, 123.84, 125.59, 127.42, 129.24, 131.14, 133.04, 134.69, 136.55, 138.21, 140.06, 141.88, 143.62, 145.1, 146.85, 148.1, 149.66, 151.48, 153.29, 155.01, 156.7, 158.51, 160.34, 162.2, 164.02, 165.59, 167.29, 169.13, 170.84, 172.54, 174.22, 175.7, 177.25, 178.99, 180.21, 181.92, 183.36, 185.03, 186.4, 187.08, 188.43, 189.87, 189.87, 191.32, 192.72, 193.66, 195.02], "random_seed": 24}