{"name": "cartpole_lben_00", "discount_fact": 0.99, "learning_rate": 0.0001, "batch_size": 128, "train_start": 1000, "epsilon_set": [0.95, 0.9994, 0.005], "memory_size": 14000, "clipping": 1.0, "optimizer": "Adam", "lossfunc": "MSE", "scores": [8.0, 16.0, 36.0, 13.0, 18.0, 51.0, 19.0, 22.0, 12.0, 18.0, 12.0, 16.0, 11.0, 23.0, 32.0, 16.0, 11.0, 37.0, 20.0, 17.0, 11.0, 19.0, 10.0, 28.0, 10.0, 29.0, 52.0, 15.0, 16.0, 39.0, 17.0, 10.0, 26.0, 10.0, 28.0, 15.0, 20.0, 14.0, 28.0, 12.0, 20.0, 22.0, 15.0, 23.0, 16.0, 13.0, 16.0, 21.0, 20.0, 24.0, 22.0, 8.0, 13.0, 20.0, 12.0, 23.0, 15.0, 12.0, 17.0, 19.0, 12.0, 16.0, 15.0, 13.0, 11.0, 26.0, 17.0, 16.0, 11.0, 16.0, 11.0, 12.0, 18.0, 18.0, 12.0, 9.0, 21.0, 15.0, 20.0, 13.0, 16.0, 10.0, 26.0, 40.0, 17.0, 26.0, 18.0, 61.0, 52.0, 60.0, 18.0, 40.0, 27.0, 33.0, 35.0, 47.0, 37.0, 72.0, 64.0, 46.0, 71.0, 36.0, 49.0, 80.0, 40.0, 86.0, 81.0, 39.0, 54.0, 155.0, 64.0, 57.0, 162.0, 82.0, 52.0, 107.0, 114.0, 53.0, 89.0, 62.0, 39.0, 119.0, 56.0, 61.0, 42.0, 41.0, 98.0, 40.0, 89.0, 80.0, 69.0, 129.0, 110.0, 174.0, 59.0, 81.0, 86.0, 52.0, 86.0, 73.0, 168.0, 54.0, 200.0, 117.0, 200.0, 71.0, 164.0, 200.0, 78.0, 200.0, 200.0, 114.0, 76.0, 200.0, 103.0, 200.0, 189.0, 200.0, 111.0, 200.0, 200.0, 200.0, 200.0, 151.0, 200.0, 200.0, 200.0, 200.0, 200.0, 200.0, 200.0, 200.0, 200.0, 200.0, 200.0, 200.0, 200.0, 200.0, 200.0, 200.0, 200.0, 200.0, 200.0, 200.0, 200.0, 200.0, 200.0, 200.0, 200.0, 200.0, 200.0, 200.0, 200.0, 200.0, 200.0, 200.0, 200.0, 200.0, 200.0, 200.0, 200.0, 200.0, 200.0, 200.0, 200.0, 200.0, 200.0, 200.0, 200.0, 200.0, 200.0, 200.0, 200.0, 200.0, 200.0, 200.0, 200.0, 200.0, 200.0, 200.0, 200.0, 200.0, 200.0, 200.0, 200.0, 200.0, 200.0, 200.0, 200.0, 200.0, 200.0, 200.0, 200.0, 200.0, 200.0, 200.0, 200.0, 200.0, 200.0, 200.0, 200.0, 200.0, 200.0, 200.0, 200.0, 200.0, 200.0, 200.0, 200.0, 200.0], "mean_scores": [8.0, 12.0, 20.0, 18.25, 18.2, 23.666666666666668, 23.0, 22.875, 21.666666666666668, 21.3, 20.454545454545453, 20.083333333333332, 19.384615384615383, 19.642857142857142, 20.466666666666665, 20.1875, 19.647058823529413, 20.61111111111111, 20.57894736842105, 20.4, 19.952380952380953, 19.90909090909091, 19.47826086956522, 19.833333333333332, 19.44, 19.807692307692307, 21.0, 20.785714285714285, 20.620689655172413, 21.233333333333334, 21.096774193548388, 20.75, 20.90909090909091, 20.58823529411765, 20.8, 20.63888888888889, 20.62162162162162, 20.44736842105263, 20.641025641025642, 20.425, 20.414634146341463, 20.452380952380953, 20.325581395348838, 20.386363636363637, 20.288888888888888, 20.130434782608695, 20.04255319148936, 20.0625, 20.06122448979592, 20.14, 20.176470588235293, 19.942307692307693, 19.81132075471698, 19.814814814814813, 19.672727272727272, 19.732142857142858, 19.649122807017545, 19.517241379310345, 19.47457627118644, 19.466666666666665, 19.34426229508197, 19.29032258064516, 19.22222222222222, 19.125, 19.0, 19.106060606060606, 19.074626865671643, 19.029411764705884, 18.91304347826087, 18.87142857142857, 18.760563380281692, 18.666666666666668, 18.65753424657534, 18.64864864864865, 18.56, 18.43421052631579, 18.467532467532468, 18.423076923076923, 18.443037974683545, 18.375, 18.34567901234568, 18.24390243902439, 18.337349397590362, 18.595238095238095, 18.576470588235296, 18.662790697674417, 18.655172413793103, 19.136363636363637, 19.50561797752809, 19.955555555555556, 19.934065934065934, 20.152173913043477, 20.225806451612904, 20.361702127659573, 20.51578947368421, 20.791666666666668, 20.95876288659794, 21.479591836734695, 21.90909090909091, 22.15, 22.633663366336634, 22.78, 22.98, 23.11, 23.78, 24.0, 24.35, 24.97, 25.14, 25.56, 26.93, 27.45, 27.86, 29.37, 29.96, 30.16, 31.07, 32.1, 32.26, 32.95, 33.4, 33.68, 34.68, 35.14, 35.47, 35.79, 35.91, 36.37, 36.62, 37.35, 37.76, 38.28, 39.47, 40.31, 41.95, 42.26, 42.92, 43.58, 43.96, 44.54, 45.15, 46.63, 46.95, 48.8, 49.74, 51.58, 52.16, 53.64, 55.43, 56.01, 57.77, 59.55, 60.61, 61.24, 63.04, 63.95, 65.72, 67.46, 69.34, 70.28, 72.09, 73.97, 75.81, 77.66, 79.04, 80.93, 82.67, 84.5, 86.34, 88.23, 90.07, 91.96, 93.84, 95.66, 97.48, 99.36, 101.27, 103.06, 104.91, 106.71, 108.58, 110.42, 112.32, 114.06, 115.66, 117.49, 119.23, 121.05, 122.44, 123.92, 125.32, 127.14, 128.74, 130.47, 132.14, 133.79, 135.32, 136.95, 138.23, 139.59, 141.13, 142.42, 144.06, 145.57, 146.77, 148.37, 149.51, 150.7, 152.31, 153.77, 154.22, 155.58, 157.01, 157.39, 158.57, 160.05, 160.98, 161.84, 163.31, 164.42, 165.8, 167.41, 168.22, 169.66, 171.05, 172.63, 174.22, 175.24, 176.84, 177.95, 179.15, 180.46, 181.17, 182.07, 182.33, 183.74, 184.93, 186.07, 187.55, 188.69, 189.96, 190.28, 191.74, 191.74, 192.57, 192.57, 193.86, 194.22, 194.22, 195.44]}