{"name": "cartpole_03", "discount_fact": 0.99, "learning_rate": 0.0001, "batch_size": 128, "train_start": 1000, "epsilon_set": [0.95, 0.999, 0.005], "memory_size": 14000, "clipping": 1.0, "optimizer": "Adam", "lossfunc": "MSE", "scores": [45.0, 15.0, 13.0, 14.0, 22.0, 14.0, 26.0, 15.0, 10.0, 14.0, 13.0, 17.0, 32.0, 12.0, 8.0, 84.0, 18.0, 14.0, 10.0, 32.0, 33.0, 31.0, 33.0, 14.0, 9.0, 14.0, 9.0, 15.0, 28.0, 17.0, 13.0, 10.0, 24.0, 21.0, 40.0, 11.0, 14.0, 14.0, 19.0, 33.0, 20.0, 57.0, 17.0, 9.0, 14.0, 38.0, 26.0, 11.0, 20.0, 10.0, 18.0, 23.0, 14.0, 19.0, 17.0, 65.0, 13.0, 41.0, 20.0, 20.0, 32.0, 30.0, 62.0, 28.0, 24.0, 18.0, 25.0, 12.0, 95.0, 71.0, 18.0, 18.0, 22.0, 51.0, 36.0, 35.0, 110.0, 40.0, 37.0, 43.0, 113.0, 29.0, 50.0, 31.0, 14.0, 60.0, 74.0, 62.0, 45.0, 43.0, 67.0, 46.0, 77.0, 200.0, 88.0, 181.0, 126.0, 156.0, 200.0, 200.0, 200.0, 200.0, 200.0, 200.0, 200.0, 200.0, 200.0, 200.0, 200.0, 200.0, 200.0, 200.0, 200.0, 200.0, 200.0, 200.0, 200.0, 200.0, 200.0, 200.0, 200.0, 200.0, 200.0, 200.0, 200.0, 200.0, 200.0, 200.0, 200.0, 200.0, 200.0, 200.0, 200.0, 200.0, 200.0, 200.0, 200.0, 200.0, 200.0, 200.0, 200.0, 200.0, 200.0, 200.0, 200.0, 200.0, 200.0, 200.0, 200.0, 200.0, 200.0, 200.0, 200.0, 200.0, 200.0, 200.0, 200.0, 200.0, 200.0, 200.0, 200.0, 200.0, 200.0, 200.0, 200.0, 200.0, 200.0, 200.0, 200.0, 200.0, 200.0, 200.0, 200.0, 200.0, 200.0, 200.0, 200.0, 200.0, 200.0, 200.0, 200.0, 200.0, 200.0, 200.0, 200.0, 200.0, 200.0, 200.0, 200.0, 200.0, 200.0, 200.0, 200.0], "mean_scores": [45.0, 30.0, 24.333333333333332, 21.75, 21.8, 20.5, 21.285714285714285, 20.5, 19.333333333333332, 18.8, 18.272727272727273, 18.166666666666668, 19.23076923076923, 18.714285714285715, 18.0, 22.125, 21.88235294117647, 21.444444444444443, 20.842105263157894, 21.4, 21.952380952380953, 22.363636363636363, 22.82608695652174, 22.458333333333332, 21.92, 21.615384615384617, 21.14814814814815, 20.928571428571427, 21.17241379310345, 21.033333333333335, 20.774193548387096, 20.4375, 20.545454545454547, 20.558823529411764, 21.114285714285714, 20.833333333333332, 20.64864864864865, 20.473684210526315, 20.435897435897434, 20.75, 20.73170731707317, 21.595238095238095, 21.488372093023255, 21.204545454545453, 21.044444444444444, 21.41304347826087, 21.51063829787234, 21.291666666666668, 21.26530612244898, 21.04, 20.980392156862745, 21.01923076923077, 20.88679245283019, 20.85185185185185, 20.78181818181818, 21.571428571428573, 21.42105263157895, 21.75862068965517, 21.728813559322035, 21.7, 21.868852459016395, 22.0, 22.634920634920636, 22.71875, 22.73846153846154, 22.666666666666668, 22.70149253731343, 22.544117647058822, 23.594202898550726, 24.271428571428572, 24.183098591549296, 24.09722222222222, 24.068493150684933, 24.43243243243243, 24.586666666666666, 24.723684210526315, 25.83116883116883, 26.012820512820515, 26.151898734177216, 26.3625, 27.432098765432098, 27.451219512195124, 27.72289156626506, 27.761904761904763, 27.6, 27.976744186046513, 28.50574712643678, 28.886363636363637, 29.06741573033708, 29.22222222222222, 29.63736263736264, 29.815217391304348, 30.322580645161292, 32.12765957446808, 32.71578947368421, 34.260416666666664, 35.20618556701031, 36.43877551020408, 38.09090909090909, 39.71, 41.2970297029703, 41.26, 43.11, 44.98, 46.84, 48.62, 50.48, 52.22, 54.07, 55.97, 57.83, 59.7, 61.53, 63.21, 65.09, 67.01, 68.17, 69.99, 71.85, 73.75, 75.43, 77.1, 78.79, 80.46, 82.32, 84.23, 86.09, 88.0, 89.85, 91.57, 93.4, 95.27, 97.17, 98.93, 100.72, 102.32, 104.21, 106.07, 107.93, 109.74, 111.41, 113.21, 114.64, 116.47, 118.38, 120.24, 121.86, 123.6, 125.49, 127.29, 129.19, 131.01, 132.78, 134.64, 136.45, 138.28, 139.63, 141.5, 143.09, 144.89, 146.69, 148.37, 150.07, 151.45, 153.17, 154.93, 156.75, 158.5, 160.38, 161.43, 162.72, 164.54, 166.36, 168.14, 169.63, 171.27, 172.92, 173.82, 175.42, 177.05, 178.62, 179.49, 181.2, 182.7, 184.39, 186.25, 187.65, 188.91, 190.29, 191.84, 193.41, 194.74, 196.28], "random_seed": 24}